NR_name,tracer_id,date_started,date_completed,comments,ConnID,Conn_x,Conn_y,Conn_z,Pre_skel,Post_skel,URL
,,,,,21959.0,265156.0,360568.0,26640.0,14877.0,191682.0,http://catmaid.hms.harvard.edu/?pid=1012&zp=26640.0&yp=360568.0&xp=265156.0&tool=tracingtool&sid0=6&s0=-2
,,,,,32430.0,269632.0,445120.0,29200.0,14877.0,192523.0,http://catmaid.hms.harvard.edu/?pid=1012&zp=29200.0&yp=445120.0&xp=269632.0&tool=tracingtool&sid0=6&s0=-2
,,,,,221952.0,333868.0,327416.0,26760.0,38321.0,689758.0,http://catmaid.hms.harvard.edu/?pid=1012&zp=26760.0&yp=327416.0&xp=333868.0&tool=tracingtool&sid0=6&s0=-2
,,,,,84881.0,331192.0,374984.0,12640.0,53858.0,215638.0,http://catmaid.hms.harvard.edu/?pid=1012&zp=12640.0&yp=374984.0&xp=331192.0&tool=tracingtool&sid0=6&s0=-2
,,,,,86144.0,337852.0,417648.0,24720.0,53858.0,199183.0,http://catmaid.hms.harvard.edu/?pid=1012&zp=24720.0&yp=417648.0&xp=337852.0&tool=tracingtool&sid0=6&s0=-2
,,,,,87209.0,344252.0,386976.0,12040.0,53858.0,199183.0,http://catmaid.hms.harvard.edu/?pid=1012&zp=12040.0&yp=386976.0&xp=344252.0&tool=tracingtool&sid0=6&s0=-2
,,,,,129399.0,311200.0,391016.0,20840.0,72324.0,2936482.0,http://catmaid.hms.harvard.edu/?pid=1012&zp=20840.0&yp=391016.0&xp=311200.0&tool=tracingtool&sid0=6&s0=-2
,,,,,172404.0,332552.0,414952.0,30880.0,215638.0,137800.0,http://catmaid.hms.harvard.edu/?pid=1012&zp=30880.0&yp=414952.0&xp=332552.0&tool=tracingtool&sid0=6&s0=-2
,,,,,214329.0,312716.0,452356.0,27200.0,38321.0,2936482.0,http://catmaid.hms.harvard.edu/?pid=1012&zp=27200.0&yp=452356.0&xp=312716.0&tool=tracingtool&sid0=6&s0=-2
,,,,,273040.0,205996.0,330200.0,15880.0,222688.0,505142.0,http://catmaid.hms.harvard.edu/?pid=1012&zp=15880.0&yp=330200.0&xp=205996.0&tool=tracingtool&sid0=6&s0=-2
,,,,,277191.0,265792.0,436108.0,27800.0,222688.0,192523.0,http://catmaid.hms.harvard.edu/?pid=1012&zp=27800.0&yp=436108.0&xp=265792.0&tool=tracingtool&sid0=6&s0=-2
,,,,,277523.0,266464.0,437896.0,29760.0,222688.0,2937744.0,http://catmaid.hms.harvard.edu/?pid=1012&zp=29760.0&yp=437896.0&xp=266464.0&tool=tracingtool&sid0=6&s0=-2
,,,,,277675.0,256748.0,438624.0,27680.0,222688.0,2937744.0,http://catmaid.hms.harvard.edu/?pid=1012&zp=27680.0&yp=438624.0&xp=256748.0&tool=tracingtool&sid0=6&s0=-2
,,,,,283142.0,265604.0,337264.0,25440.0,14877.0,284979.0,http://catmaid.hms.harvard.edu/?pid=1012&zp=25440.0&yp=337264.0&xp=265604.0&tool=tracingtool&sid0=6&s0=-2
,,,,,300617.0,310148.0,384216.0,18600.0,72324.0,2936482.0,http://catmaid.hms.harvard.edu/?pid=1012&zp=18600.0&yp=384216.0&xp=310148.0&tool=tracingtool&sid0=6&s0=-2
,,,,,300722.0,311932.0,378380.0,16560.0,72324.0,2936482.0,http://catmaid.hms.harvard.edu/?pid=1012&zp=16560.0&yp=378380.0&xp=311932.0&tool=tracingtool&sid0=6&s0=-2
,,,,,300870.0,312220.0,376228.0,16320.0,72324.0,2936482.0,http://catmaid.hms.harvard.edu/?pid=1012&zp=16320.0&yp=376228.0&xp=312220.0&tool=tracingtool&sid0=6&s0=-2
,,,,,306414.0,255676.0,385164.0,18080.0,222688.0,2937744.0,http://catmaid.hms.harvard.edu/?pid=1012&zp=18080.0&yp=385164.0&xp=255676.0&tool=tracingtool&sid0=6&s0=-2
,,,,,306573.0,258168.0,375380.0,16800.0,222688.0,2937744.0,http://catmaid.hms.harvard.edu/?pid=1012&zp=16800.0&yp=375380.0&xp=258168.0&tool=tracingtool&sid0=6&s0=-2
,,,,,308242.0,260936.0,371656.0,17960.0,222688.0,519969.0,http://catmaid.hms.harvard.edu/?pid=1012&zp=17960.0&yp=371656.0&xp=260936.0&tool=tracingtool&sid0=6&s0=-2
,,,,,308944.0,280504.0,332372.0,5800.0,222688.0,520021.0,http://catmaid.hms.harvard.edu/?pid=1012&zp=5800.0&yp=332372.0&xp=280504.0&tool=tracingtool&sid0=6&s0=-2
,,,,,309090.0,289548.0,328552.0,6080.0,222688.0,520106.0,http://catmaid.hms.harvard.edu/?pid=1012&zp=6080.0&yp=328552.0&xp=289548.0&tool=tracingtool&sid0=6&s0=-2
,,,,,309849.0,269448.0,331008.0,15040.0,222688.0,215638.0,http://catmaid.hms.harvard.edu/?pid=1012&zp=15040.0&yp=331008.0&xp=269448.0&tool=tracingtool&sid0=6&s0=-2
,,,,,310112.0,256688.0,372552.0,20360.0,222688.0,520267.0,http://catmaid.hms.harvard.edu/?pid=1012&zp=20360.0&yp=372552.0&xp=256688.0&tool=tracingtool&sid0=6&s0=-2
,,,,,310158.0,256792.0,368080.0,20480.0,222688.0,519969.0,http://catmaid.hms.harvard.edu/?pid=1012&zp=20480.0&yp=368080.0&xp=256792.0&tool=tracingtool&sid0=6&s0=-2
,,,,,310226.0,254876.0,358076.0,20760.0,222688.0,520646.0,http://catmaid.hms.harvard.edu/?pid=1012&zp=20760.0&yp=358076.0&xp=254876.0&tool=tracingtool&sid0=6&s0=-2
,,,,,310719.0,249792.0,326548.0,21440.0,222688.0,520267.0,http://catmaid.hms.harvard.edu/?pid=1012&zp=21440.0&yp=326548.0&xp=249792.0&tool=tracingtool&sid0=6&s0=-2
,,,,,316502.0,262140.0,423504.0,27680.0,91013.0,2937744.0,http://catmaid.hms.harvard.edu/?pid=1012&zp=27680.0&yp=423504.0&xp=262140.0&tool=tracingtool&sid0=6&s0=-2
,,,,,389711.0,432800.0,395364.0,24320.0,232840.0,552141.0,http://catmaid.hms.harvard.edu/?pid=1012&zp=24320.0&yp=395364.0&xp=432800.0&tool=tracingtool&sid0=6&s0=-2
,,,,,434490.0,345432.0,457268.0,28960.0,284979.0,199183.0,http://catmaid.hms.harvard.edu/?pid=1012&zp=28960.0&yp=457268.0&xp=345432.0&tool=tracingtool&sid0=6&s0=-2
,,,,,435514.0,335208.0,404740.0,25240.0,284979.0,199183.0,http://catmaid.hms.harvard.edu/?pid=1012&zp=25240.0&yp=404740.0&xp=335208.0&tool=tracingtool&sid0=6&s0=-2
,,,,,1147164.0,357884.0,384680.0,23920.0,53858.0,1157490.0,http://catmaid.hms.harvard.edu/?pid=1012&zp=23920.0&yp=384680.0&xp=357884.0&tool=tracingtool&sid0=6&s0=-2
,,,,,1121402.0,335520.0,369132.0,9640.0,53858.0,29376.0,http://catmaid.hms.harvard.edu/?pid=1012&zp=9640.0&yp=369132.0&xp=335520.0&tool=tracingtool&sid0=6&s0=-2
,,,,,800046.0,395548.0,424676.0,21280.0,74410.0,232840.0,http://catmaid.hms.harvard.edu/?pid=1012&zp=21280.0&yp=424676.0&xp=395548.0&tool=tracingtool&sid0=6&s0=-2
,,,,,807762.0,267664.0,308732.0,11600.0,222688.0,215638.0,http://catmaid.hms.harvard.edu/?pid=1012&zp=11600.0&yp=308732.0&xp=267664.0&tool=tracingtool&sid0=6&s0=-2
,,,,,806856.0,268260.0,326016.0,13760.0,222688.0,922922.0,http://catmaid.hms.harvard.edu/?pid=1012&zp=13760.0&yp=326016.0&xp=268260.0&tool=tracingtool&sid0=6&s0=-2
,,,,,808412.0,267180.0,287260.0,7640.0,222688.0,923242.0,http://catmaid.hms.harvard.edu/?pid=1012&zp=7640.0&yp=287260.0&xp=267180.0&tool=tracingtool&sid0=6&s0=-2
,,,,,821333.0,354928.0,407816.0,21520.0,689758.0,191682.0,http://catmaid.hms.harvard.edu/?pid=1012&zp=21520.0&yp=407816.0&xp=354928.0&tool=tracingtool&sid0=6&s0=-2
,,,,,816242.0,326652.0,372152.0,15160.0,53858.0,215638.0,http://catmaid.hms.harvard.edu/?pid=1012&zp=15160.0&yp=372152.0&xp=326652.0&tool=tracingtool&sid0=6&s0=-2
,,,,,822620.0,323264.0,370304.0,18240.0,74410.0,215638.0,http://catmaid.hms.harvard.edu/?pid=1012&zp=18240.0&yp=370304.0&xp=323264.0&tool=tracingtool&sid0=6&s0=-2
,,,,,823330.0,313884.0,366808.0,13080.0,53858.0,951990.0,http://catmaid.hms.harvard.edu/?pid=1012&zp=13080.0&yp=366808.0&xp=313884.0&tool=tracingtool&sid0=6&s0=-2
,,,,,824628.0,251084.0,328040.0,23400.0,74410.0,520267.0,http://catmaid.hms.harvard.edu/?pid=1012&zp=23400.0&yp=328040.0&xp=251084.0&tool=tracingtool&sid0=6&s0=-2
,,,,,824948.0,243472.0,322116.0,25000.0,74410.0,887610.0,http://catmaid.hms.harvard.edu/?pid=1012&zp=25000.0&yp=322116.0&xp=243472.0&tool=tracingtool&sid0=6&s0=-2
,,,,,824968.0,304496.0,360412.0,6840.0,53858.0,1207256.0,http://catmaid.hms.harvard.edu/?pid=1012&zp=6840.0&yp=360412.0&xp=304496.0&tool=tracingtool&sid0=6&s0=-2
,,,,,825564.0,323404.0,358380.0,10040.0,53858.0,922922.0,http://catmaid.hms.harvard.edu/?pid=1012&zp=10040.0&yp=358380.0&xp=323404.0&tool=tracingtool&sid0=6&s0=-2
,,,,,826126.0,256388.0,333228.0,24600.0,74410.0,888054.0,http://catmaid.hms.harvard.edu/?pid=1012&zp=24600.0&yp=333228.0&xp=256388.0&tool=tracingtool&sid0=6&s0=-2
,,,,,826710.0,344712.0,389216.0,12400.0,74410.0,199183.0,http://catmaid.hms.harvard.edu/?pid=1012&zp=12400.0&yp=389216.0&xp=344712.0&tool=tracingtool&sid0=6&s0=-2
,,,,,826832.0,504236.0,379292.0,19080.0,232840.0,924116.0,http://catmaid.hms.harvard.edu/?pid=1012&zp=19080.0&yp=379292.0&xp=504236.0&tool=tracingtool&sid0=6&s0=-2
,,,,,827058.0,254992.0,331224.0,23320.0,74410.0,520021.0,http://catmaid.hms.harvard.edu/?pid=1012&zp=23320.0&yp=331224.0&xp=254992.0&tool=tracingtool&sid0=6&s0=-2
,,,,,827128.0,323680.0,373088.0,17360.0,74410.0,29376.0,http://catmaid.hms.harvard.edu/?pid=1012&zp=17360.0&yp=373088.0&xp=323680.0&tool=tracingtool&sid0=6&s0=-2
,,,,,825218.0,243236.0,315880.0,23480.0,74410.0,887752.0,http://catmaid.hms.harvard.edu/?pid=1012&zp=23480.0&yp=315880.0&xp=243236.0&tool=tracingtool&sid0=6&s0=-2
,,,,,847008.0,331744.0,301816.0,7560.0,53858.0,2153.0,http://catmaid.hms.harvard.edu/?pid=1012&zp=7560.0&yp=301816.0&xp=331744.0&tool=tracingtool&sid0=6&s0=-2
,,,,,847442.0,330312.0,279928.0,11960.0,53858.0,137800.0,http://catmaid.hms.harvard.edu/?pid=1012&zp=11960.0&yp=279928.0&xp=330312.0&tool=tracingtool&sid0=6&s0=-2
,,,,,1162818.0,456884.0,152202.0,20760.0,53858.0,1283090.0,http://catmaid.hms.harvard.edu/?pid=1012&zp=20760.0&yp=152202.0&xp=456884.0&tool=tracingtool&sid0=6&s0=-2
,,,,,848846.0,346832.0,241708.0,9480.0,53858.0,1210822.0,http://catmaid.hms.harvard.edu/?pid=1012&zp=9480.0&yp=241708.0&xp=346832.0&tool=tracingtool&sid0=6&s0=-2
,,,,,849484.0,346504.0,234776.0,14080.0,53858.0,1211056.0,http://catmaid.hms.harvard.edu/?pid=1012&zp=14080.0&yp=234776.0&xp=346504.0&tool=tracingtool&sid0=6&s0=-2
,,,,,854762.0,311484.0,392624.0,16480.0,38321.0,950868.0,http://catmaid.hms.harvard.edu/?pid=1012&zp=16480.0&yp=392624.0&xp=311484.0&tool=tracingtool&sid0=6&s0=-2
,,,,,855404.0,313248.0,383988.0,11400.0,38321.0,951990.0,http://catmaid.hms.harvard.edu/?pid=1012&zp=11400.0&yp=383988.0&xp=313248.0&tool=tracingtool&sid0=6&s0=-2
,,,,,883630.0,257136.0,394008.0,27240.0,91013.0,519969.0,http://catmaid.hms.harvard.edu/?pid=1012&zp=27240.0&yp=394008.0&xp=257136.0&tool=tracingtool&sid0=6&s0=-2
,,,,,1032587.0,226496.0,383560.0,27480.0,887610.0,519969.0,http://catmaid.hms.harvard.edu/?pid=1012&zp=27480.0&yp=383560.0&xp=226496.0&tool=tracingtool&sid0=6&s0=-2
,,,,,1032645.0,226416.0,386156.0,27840.0,887610.0,519969.0,http://catmaid.hms.harvard.edu/?pid=1012&zp=27840.0&yp=386156.0&xp=226416.0&tool=tracingtool&sid0=6&s0=-2
,,,,,1032655.0,227124.0,390496.0,27840.0,887610.0,1913582.0,http://catmaid.hms.harvard.edu/?pid=1012&zp=27840.0&yp=390496.0&xp=227124.0&tool=tracingtool&sid0=6&s0=-2
,,,,,1027946.0,269520.0,373052.0,7520.0,9586.0,1128898.0,http://catmaid.hms.harvard.edu/?pid=1012&zp=7520.0&yp=373052.0&xp=269520.0&tool=tracingtool&sid0=6&s0=-2
,,,,,1023600.0,269808.0,451732.0,8600.0,9586.0,72324.0,http://catmaid.hms.harvard.edu/?pid=1012&zp=8600.0&yp=451732.0&xp=269808.0&tool=tracingtool&sid0=6&s0=-2
,,,,,1180156.0,240256.0,286304.0,15320.0,74410.0,1286248.0,http://catmaid.hms.harvard.edu/?pid=1012&zp=15320.0&yp=286304.0&xp=240256.0&tool=tracingtool&sid0=6&s0=-2
,,,,,1033086.0,367120.0,219876.0,10720.0,53858.0,1227596.0,http://catmaid.hms.harvard.edu/?pid=1012&zp=10720.0&yp=219876.0&xp=367120.0&tool=tracingtool&sid0=6&s0=-2
,,,,,1033568.0,347504.0,223788.0,10520.0,53858.0,1229208.0,http://catmaid.hms.harvard.edu/?pid=1012&zp=10520.0&yp=223788.0&xp=347504.0&tool=tracingtool&sid0=6&s0=-2
,,,,,1035160.0,372332.0,221168.0,7640.0,53858.0,1231758.0,http://catmaid.hms.harvard.edu/?pid=1012&zp=7640.0&yp=221168.0&xp=372332.0&tool=tracingtool&sid0=6&s0=-2
,,,,,1040162.0,366584.0,225780.0,5760.0,53858.0,1232208.0,http://catmaid.hms.harvard.edu/?pid=1012&zp=5760.0&yp=225780.0&xp=366584.0&tool=tracingtool&sid0=6&s0=-2
,,,,,1046064.0,302504.0,355892.0,7320.0,284979.0,520021.0,http://catmaid.hms.harvard.edu/?pid=1012&zp=7320.0&yp=355892.0&xp=302504.0&tool=tracingtool&sid0=6&s0=-2
,,,,,1051046.0,304920.0,358304.0,11320.0,284979.0,2936482.0,http://catmaid.hms.harvard.edu/?pid=1012&zp=11320.0&yp=358304.0&xp=304920.0&tool=tracingtool&sid0=6&s0=-2
,,,,,1063094.0,324272.0,371616.0,13960.0,284979.0,215638.0,http://catmaid.hms.harvard.edu/?pid=1012&zp=13960.0&yp=371616.0&xp=324272.0&tool=tracingtool&sid0=6&s0=-2
,,,,,1063930.0,324540.0,366916.0,2160.0,284979.0,1157490.0,http://catmaid.hms.harvard.edu/?pid=1012&zp=2160.0&yp=366916.0&xp=324540.0&tool=tracingtool&sid0=6&s0=-2
,,,,,1149366.0,357888.0,399784.0,28760.0,53858.0,1271772.0,http://catmaid.hms.harvard.edu/?pid=1012&zp=28760.0&yp=399784.0&xp=357888.0&tool=tracingtool&sid0=6&s0=-2
,,,,,1192793.0,262360.0,402540.0,26240.0,922922.0,215638.0,http://catmaid.hms.harvard.edu/?pid=1012&zp=26240.0&yp=402540.0&xp=262360.0&tool=tracingtool&sid0=6&s0=-2
,,,,,1094144.0,332428.0,390736.0,17280.0,53858.0,72324.0,http://catmaid.hms.harvard.edu/?pid=1012&zp=17280.0&yp=390736.0&xp=332428.0&tool=tracingtool&sid0=6&s0=-2
,,,,,1209097.0,315968.0,344504.0,2120.0,215638.0,950868.0,http://catmaid.hms.harvard.edu/?pid=1012&zp=2120.0&yp=344504.0&xp=315968.0&tool=tracingtool&sid0=6&s0=-2
,,,,,1098002.0,331356.0,351060.0,2760.0,53858.0,139314.0,http://catmaid.hms.harvard.edu/?pid=1012&zp=2760.0&yp=351060.0&xp=331356.0&tool=tracingtool&sid0=6&s0=-2
,,,,,1224383.0,331116.0,390052.0,9920.0,950868.0,199183.0,http://catmaid.hms.harvard.edu/?pid=1012&zp=9920.0&yp=390052.0&xp=331116.0&tool=tracingtool&sid0=6&s0=-2
,,,,,1151534.0,333740.0,393356.0,22440.0,53858.0,38321.0,http://catmaid.hms.harvard.edu/?pid=1012&zp=22440.0&yp=393356.0&xp=333740.0&tool=tracingtool&sid0=6&s0=-2
,,,,,1179360.0,247424.0,295712.0,20160.0,74410.0,72324.0,http://catmaid.hms.harvard.edu/?pid=1012&zp=20160.0&yp=295712.0&xp=247424.0&tool=tracingtool&sid0=6&s0=-2
,,,,,1179204.0,247196.0,297204.0,20920.0,74410.0,1285762.0,http://catmaid.hms.harvard.edu/?pid=1012&zp=20920.0&yp=297204.0&xp=247196.0&tool=tracingtool&sid0=6&s0=-2
,,,,,1424472.0,511244.0,405332.0,29200.0,1403212.0,1518538.0,http://catmaid.hms.harvard.edu/?pid=1012&zp=29200.0&yp=405332.0&xp=511244.0&tool=tracingtool&sid0=6&s0=-2
,,,,,1424494.0,510836.0,404416.0,29560.0,1403212.0,1518538.0,http://catmaid.hms.harvard.edu/?pid=1012&zp=29560.0&yp=404416.0&xp=510836.0&tool=tracingtool&sid0=6&s0=-2
,,,,,1425130.0,517360.0,412436.0,29280.0,1403212.0,1518538.0,http://catmaid.hms.harvard.edu/?pid=1012&zp=29280.0&yp=412436.0&xp=517360.0&tool=tracingtool&sid0=6&s0=-2
,,,,,1432542.0,512204.0,371788.0,16920.0,1403212.0,1520712.0,http://catmaid.hms.harvard.edu/?pid=1012&zp=16920.0&yp=371788.0&xp=512204.0&tool=tracingtool&sid0=6&s0=-2
,,,,,1433048.0,503568.0,365480.0,19320.0,1403212.0,1518538.0,http://catmaid.hms.harvard.edu/?pid=1012&zp=19320.0&yp=365480.0&xp=503568.0&tool=tracingtool&sid0=6&s0=-2
,,,,,1434560.0,480584.0,351288.0,22000.0,1403212.0,141822.0,http://catmaid.hms.harvard.edu/?pid=1012&zp=22000.0&yp=351288.0&xp=480584.0&tool=tracingtool&sid0=6&s0=-2
,,,,,1438264.0,454300.0,330248.0,27680.0,1403212.0,1521954.0,http://catmaid.hms.harvard.edu/?pid=1012&zp=27680.0&yp=330248.0&xp=454300.0&tool=tracingtool&sid0=6&s0=-2
,,,,,1439704.0,455788.0,331328.0,28400.0,1403212.0,1521954.0,http://catmaid.hms.harvard.edu/?pid=1012&zp=28400.0&yp=331328.0&xp=455788.0&tool=tracingtool&sid0=6&s0=-2
,,,,,1440080.0,453852.0,329164.0,27400.0,1403212.0,1521954.0,http://catmaid.hms.harvard.edu/?pid=1012&zp=27400.0&yp=329164.0&xp=453852.0&tool=tracingtool&sid0=6&s0=-2
,,,,,1440686.0,451344.0,327900.0,27400.0,1403212.0,1521954.0,http://catmaid.hms.harvard.edu/?pid=1012&zp=27400.0&yp=327900.0&xp=451344.0&tool=tracingtool&sid0=6&s0=-2
,,,,,1446054.0,520736.0,350608.0,10680.0,1403212.0,1525700.0,http://catmaid.hms.harvard.edu/?pid=1012&zp=10680.0&yp=350608.0&xp=520736.0&tool=tracingtool&sid0=6&s0=-2
,,,,,1446234.0,521488.0,344424.0,11440.0,1403212.0,1525700.0,http://catmaid.hms.harvard.edu/?pid=1012&zp=11440.0&yp=344424.0&xp=521488.0&tool=tracingtool&sid0=6&s0=-2
,,,,,1447790.0,517544.0,305868.0,6960.0,1403212.0,1525700.0,http://catmaid.hms.harvard.edu/?pid=1012&zp=6960.0&yp=305868.0&xp=517544.0&tool=tracingtool&sid0=6&s0=-2
,,,,,1448928.0,518204.0,288392.0,6160.0,1403212.0,1525700.0,http://catmaid.hms.harvard.edu/?pid=1012&zp=6160.0&yp=288392.0&xp=518204.0&tool=tracingtool&sid0=6&s0=-2
,,,,,1449034.0,517736.0,288096.0,6600.0,1403212.0,1525700.0,http://catmaid.hms.harvard.edu/?pid=1012&zp=6600.0&yp=288096.0&xp=517736.0&tool=tracingtool&sid0=6&s0=-2
,,,,,1449412.0,516512.0,275332.0,4240.0,1403212.0,1525700.0,http://catmaid.hms.harvard.edu/?pid=1012&zp=4240.0&yp=275332.0&xp=516512.0&tool=tracingtool&sid0=6&s0=-2
,,,,,1492734.0,269944.0,303592.0,15400.0,923242.0,215638.0,http://catmaid.hms.harvard.edu/?pid=1012&zp=15400.0&yp=303592.0&xp=269944.0&tool=tracingtool&sid0=6&s0=-2
,,,,,1503254.0,282640.0,323720.0,13880.0,923242.0,215638.0,http://catmaid.hms.harvard.edu/?pid=1012&zp=13880.0&yp=323720.0&xp=282640.0&tool=tracingtool&sid0=6&s0=-2
,,,,,1512312.0,534016.0,432296.0,12360.0,1403212.0,1525700.0,http://catmaid.hms.harvard.edu/?pid=1012&zp=12360.0&yp=432296.0&xp=534016.0&tool=tracingtool&sid0=6&s0=-2
,,,,,1262965.0,323472.0,370676.0,14680.0,520646.0,215638.0,http://catmaid.hms.harvard.edu/?pid=1012&zp=14680.0&yp=370676.0&xp=323472.0&tool=tracingtool&sid0=6&s0=-2
,,,,,1447427.0,319476.0,302312.0,10240.0,215638.0,324905.0,http://catmaid.hms.harvard.edu/?pid=1012&zp=10240.0&yp=302312.0&xp=319476.0&tool=tracingtool&sid0=6&s0=-2
,,,,,1485323.0,306416.0,415016.0,18680.0,950868.0,192523.0,http://catmaid.hms.harvard.edu/?pid=1012&zp=18680.0&yp=415016.0&xp=306416.0&tool=tracingtool&sid0=6&s0=-2
,,,,,1514235.0,250984.0,300752.0,16280.0,950868.0,72324.0,http://catmaid.hms.harvard.edu/?pid=1012&zp=16280.0&yp=300752.0&xp=250984.0&tool=tracingtool&sid0=6&s0=-2
,,,,,1524953.0,274636.0,349124.0,11400.0,950868.0,519969.0,http://catmaid.hms.harvard.edu/?pid=1012&zp=11400.0&yp=349124.0&xp=274636.0&tool=tracingtool&sid0=6&s0=-2
,,,,,1577717.0,231600.0,364556.0,11240.0,215638.0,1913582.0,http://catmaid.hms.harvard.edu/?pid=1012&zp=11240.0&yp=364556.0&xp=231600.0&tool=tracingtool&sid0=6&s0=-2
,,,,,1694361.0,332572.0,321196.0,3480.0,215638.0,324905.0,http://catmaid.hms.harvard.edu/?pid=1012&zp=3480.0&yp=321196.0&xp=332572.0&tool=tracingtool&sid0=6&s0=-2
,,,,,1568484.0,334184.0,367228.0,16240.0,923242.0,199183.0,http://catmaid.hms.harvard.edu/?pid=1012&zp=16240.0&yp=367228.0&xp=334184.0&tool=tracingtool&sid0=6&s0=-2
,,,,,1609038.0,313196.0,372560.0,19080.0,923242.0,215638.0,http://catmaid.hms.harvard.edu/?pid=1012&zp=19080.0&yp=372560.0&xp=313196.0&tool=tracingtool&sid0=6&s0=-2
,,,,,1630334.0,339848.0,345652.0,10880.0,923242.0,72324.0,http://catmaid.hms.harvard.edu/?pid=1012&zp=10880.0&yp=345652.0&xp=339848.0&tool=tracingtool&sid0=6&s0=-2
,,,,,1634010.0,351560.0,365904.0,8440.0,1207256.0,1157490.0,http://catmaid.hms.harvard.edu/?pid=1012&zp=8440.0&yp=365904.0&xp=351560.0&tool=tracingtool&sid0=6&s0=-2
,,,,,1636010.0,287044.0,245344.0,13000.0,923242.0,1285762.0,http://catmaid.hms.harvard.edu/?pid=1012&zp=13000.0&yp=245344.0&xp=287044.0&tool=tracingtool&sid0=6&s0=-2
,,,,,1641476.0,329556.0,279256.0,14800.0,1207256.0,2054098.0,http://catmaid.hms.harvard.edu/?pid=1012&zp=14800.0&yp=279256.0&xp=329556.0&tool=tracingtool&sid0=6&s0=-2
,,,,,1649824.0,293712.0,263088.0,19480.0,1207256.0,951990.0,http://catmaid.hms.harvard.edu/?pid=1012&zp=19480.0&yp=263088.0&xp=293712.0&tool=tracingtool&sid0=6&s0=-2
,,,,,1651132.0,387000.0,335168.0,17920.0,1207256.0,199183.0,http://catmaid.hms.harvard.edu/?pid=1012&zp=17920.0&yp=335168.0&xp=387000.0&tool=tracingtool&sid0=6&s0=-2
,,,,,1888733.0,307935.90625,322840.03125,14080.0,1227596.0,215638.0,http://catmaid.hms.harvard.edu/?pid=1012&zp=14080.0&yp=322840.03125&xp=307935.90625&tool=tracingtool&sid0=6&s0=-2
,,,,,1690094.0,439312.0,349536.0,27760.0,1207256.0,2094216.0,http://catmaid.hms.harvard.edu/?pid=1012&zp=27760.0&yp=349536.0&xp=439312.0&tool=tracingtool&sid0=6&s0=-2
,,,,,2191123.0,293280.0,353400.0,18600.0,1285762.0,215638.0,http://catmaid.hms.harvard.edu/?pid=1012&zp=18600.0&yp=353400.0&xp=293280.0&tool=tracingtool&sid0=6&s0=-2
,,,,,2191887.0,283584.0,356600.0,20840.0,1285762.0,215638.0,http://catmaid.hms.harvard.edu/?pid=1012&zp=20840.0&yp=356600.0&xp=283584.0&tool=tracingtool&sid0=6&s0=-2
,,,,,2193777.0,325280.0,370880.0,16120.0,1285762.0,215638.0,http://catmaid.hms.harvard.edu/?pid=1012&zp=16120.0&yp=370880.0&xp=325280.0&tool=tracingtool&sid0=6&s0=-2
,,,,,2198069.0,328808.0,410504.0,30080.0,1285762.0,215638.0,http://catmaid.hms.harvard.edu/?pid=1012&zp=30080.0&yp=410504.0&xp=328808.0&tool=tracingtool&sid0=6&s0=-2
,,,,,1800064.0,225712.0,358984.0,19440.0,1286248.0,2937744.0,http://catmaid.hms.harvard.edu/?pid=1012&zp=19440.0&yp=358984.0&xp=225712.0&tool=tracingtool&sid0=6&s0=-2
,,,,,2227785.0,284864.0,329520.0,5280.0,1285762.0,320134.0,http://catmaid.hms.harvard.edu/?pid=1012&zp=5280.0&yp=329520.0&xp=284864.0&tool=tracingtool&sid0=6&s0=-2
,,,,,2227923.0,305992.0,353408.0,5440.0,1285762.0,199183.0,http://catmaid.hms.harvard.edu/?pid=1012&zp=5440.0&yp=353408.0&xp=305992.0&tool=tracingtool&sid0=6&s0=-2
,,,,,2228459.0,290144.0,350416.0,16400.0,1285762.0,215638.0,http://catmaid.hms.harvard.edu/?pid=1012&zp=16400.0&yp=350416.0&xp=290144.0&tool=tracingtool&sid0=6&s0=-2
,,,,,2232365.0,359920.0,372672.0,6360.0,1285762.0,782582.0,http://catmaid.hms.harvard.edu/?pid=1012&zp=6360.0&yp=372672.0&xp=359920.0&tool=tracingtool&sid0=6&s0=-2
,,,,,2235753.0,316400.0,304672.0,8600.0,1285762.0,74410.0,http://catmaid.hms.harvard.edu/?pid=1012&zp=8600.0&yp=304672.0&xp=316400.0&tool=tracingtool&sid0=6&s0=-2
,,,,,2235845.0,314288.0,302136.0,6320.0,1285762.0,215638.0,http://catmaid.hms.harvard.edu/?pid=1012&zp=6320.0&yp=302136.0&xp=314288.0&tool=tracingtool&sid0=6&s0=-2
,,,,,2236397.0,282328.0,357696.0,21200.0,1285762.0,215638.0,http://catmaid.hms.harvard.edu/?pid=1012&zp=21200.0&yp=357696.0&xp=282328.0&tool=tracingtool&sid0=6&s0=-2
,,,,,2237833.0,264448.0,367552.0,31480.0,1285762.0,520267.0,http://catmaid.hms.harvard.edu/?pid=1012&zp=31480.0&yp=367552.0&xp=264448.0&tool=tracingtool&sid0=6&s0=-2
,,,,,2237965.0,264016.0,367280.0,32880.0,1285762.0,139314.0,http://catmaid.hms.harvard.edu/?pid=1012&zp=32880.0&yp=367280.0&xp=264016.0&tool=tracingtool&sid0=6&s0=-2
,,,,,2335051.0,338088.0,317024.0,20800.0,1285762.0,53858.0,http://catmaid.hms.harvard.edu/?pid=1012&zp=20800.0&yp=317024.0&xp=338088.0&tool=tracingtool&sid0=6&s0=-2
,,,,,1951108.0,292432.0,389440.0,16640.0,950868.0,29376.0,http://catmaid.hms.harvard.edu/?pid=1012&zp=16640.0&yp=389440.0&xp=292432.0&tool=tracingtool&sid0=6&s0=-2
,,,,,1961718.0,289184.0,399256.0,7920.0,950868.0,222688.0,http://catmaid.hms.harvard.edu/?pid=1012&zp=7920.0&yp=399256.0&xp=289184.0&tool=tracingtool&sid0=6&s0=-2
,,,,,2600445.0,342680.0,317824.0,24440.0,215638.0,320134.0,http://catmaid.hms.harvard.edu/?pid=1012&zp=24440.0&yp=317824.0&xp=342680.0&tool=tracingtool&sid0=6&s0=-2
,,,,,2601539.0,318036.0,344720.0,10240.0,215638.0,74410.0,http://catmaid.hms.harvard.edu/?pid=1012&zp=10240.0&yp=344720.0&xp=318036.0&tool=tracingtool&sid0=6&s0=-2
,,,,,2029032.0,310808.0,265280.0,20760.0,1207256.0,1157490.0,http://catmaid.hms.harvard.edu/?pid=1012&zp=20760.0&yp=265280.0&xp=310808.0&tool=tracingtool&sid0=6&s0=-2
,,,,,2601253.0,320252.0,337496.0,15720.0,215638.0,320134.0,http://catmaid.hms.harvard.edu/?pid=1012&zp=15720.0&yp=337496.0&xp=320252.0&tool=tracingtool&sid0=6&s0=-2
,,,,,2601199.0,253540.0,257768.0,28120.0,215638.0,1232208.0,http://catmaid.hms.harvard.edu/?pid=1012&zp=28120.0&yp=257768.0&xp=253540.0&tool=tracingtool&sid0=6&s0=-2
,,,,,2658869.0,335760.0,354404.0,11120.0,1285762.0,199183.0,http://catmaid.hms.harvard.edu/?pid=1012&zp=11120.0&yp=354404.0&xp=335760.0&tool=tracingtool&sid0=6&s0=-2
,,,,,2688669.0,244880.0,293264.0,16920.0,950868.0,72324.0,http://catmaid.hms.harvard.edu/?pid=1012&zp=16920.0&yp=293264.0&xp=244880.0&tool=tracingtool&sid0=6&s0=-2
,,,,,2687537.0,346920.0,358400.0,30640.0,1285762.0,74410.0,http://catmaid.hms.harvard.edu/?pid=1012&zp=30640.0&yp=358400.0&xp=346920.0&tool=tracingtool&sid0=6&s0=-2
,,,,,2188740.0,392480.0,384136.0,24520.0,1834.0,314.0,http://catmaid.hms.harvard.edu/?pid=1012&zp=24520.0&yp=384136.0&xp=392480.0&tool=tracingtool&sid0=6&s0=-2
,,,,,2189544.0,373920.0,374488.0,25960.0,1834.0,951990.0,http://catmaid.hms.harvard.edu/?pid=1012&zp=25960.0&yp=374488.0&xp=373920.0&tool=tracingtool&sid0=6&s0=-2
,,,,,2189564.0,372768.0,374416.0,25920.0,1834.0,951990.0,http://catmaid.hms.harvard.edu/?pid=1012&zp=25920.0&yp=374416.0&xp=372768.0&tool=tracingtool&sid0=6&s0=-2
,,,,,2192486.0,343980.0,361128.0,24040.0,1834.0,199183.0,http://catmaid.hms.harvard.edu/?pid=1012&zp=24040.0&yp=361128.0&xp=343980.0&tool=tracingtool&sid0=6&s0=-2
,,,,,2197538.0,447040.0,331008.0,27440.0,1834.0,1964.0,http://catmaid.hms.harvard.edu/?pid=1012&zp=27440.0&yp=331008.0&xp=447040.0&tool=tracingtool&sid0=6&s0=-2
,,,,,2725829.0,327839.90625,372936.0625,14840.0,922922.0,215638.0,http://catmaid.hms.harvard.edu/?pid=1012&zp=14840.0&yp=372936.0625&xp=327839.90625&tool=tracingtool&sid0=6&s0=-2
,,,,,2208618.0,450032.0,282192.0,22280.0,1834.0,1521954.0,http://catmaid.hms.harvard.edu/?pid=1012&zp=22280.0&yp=282192.0&xp=450032.0&tool=tracingtool&sid0=6&s0=-2
,,,,,2208700.0,449528.0,277132.0,20800.0,1834.0,1521954.0,http://catmaid.hms.harvard.edu/?pid=1012&zp=20800.0&yp=277132.0&xp=449528.0&tool=tracingtool&sid0=6&s0=-2
,,,,,2208744.0,449788.0,273604.0,20720.0,1834.0,1521954.0,http://catmaid.hms.harvard.edu/?pid=1012&zp=20720.0&yp=273604.0&xp=449788.0&tool=tracingtool&sid0=6&s0=-2
,,,,,2254478.0,256408.0,387752.0,19000.0,320340.0,2937744.0,http://catmaid.hms.harvard.edu/?pid=1012&zp=19000.0&yp=387752.0&xp=256408.0&tool=tracingtool&sid0=6&s0=-2
,,,,,2255182.0,269416.0,411408.0,8360.0,320340.0,519969.0,http://catmaid.hms.harvard.edu/?pid=1012&zp=8360.0&yp=411408.0&xp=269416.0&tool=tracingtool&sid0=6&s0=-2
,,,,,2255226.0,270728.0,412496.0,7720.0,320340.0,519969.0,http://catmaid.hms.harvard.edu/?pid=1012&zp=7720.0&yp=412496.0&xp=270728.0&tool=tracingtool&sid0=6&s0=-2
,,,,,2821029.0,330552.0,394328.0,6680.0,324847.0,199183.0,http://catmaid.hms.harvard.edu/?pid=1012&zp=6680.0&yp=394328.0&xp=330552.0&tool=tracingtool&sid0=6&s0=-2
,,,,,2827351.0,310276.0,378028.0,16480.0,324847.0,2936482.0,http://catmaid.hms.harvard.edu/?pid=1012&zp=16480.0&yp=378028.0&xp=310276.0&tool=tracingtool&sid0=6&s0=-2
,,,,,2827481.0,332732.0,377068.0,13240.0,324847.0,215638.0,http://catmaid.hms.harvard.edu/?pid=1012&zp=13240.0&yp=377068.0&xp=332732.0&tool=tracingtool&sid0=6&s0=-2
,,,,,2828051.0,325168.0,325392.0,7520.0,324847.0,91013.0,http://catmaid.hms.harvard.edu/?pid=1012&zp=7520.0&yp=325392.0&xp=325168.0&tool=tracingtool&sid0=6&s0=-2
,,,,,2828085.0,327448.0,323480.0,8040.0,324847.0,91013.0,http://catmaid.hms.harvard.edu/?pid=1012&zp=8040.0&yp=323480.0&xp=327448.0&tool=tracingtool&sid0=6&s0=-2
,,,,,2828131.0,328696.0,319632.0,7280.0,324847.0,139314.0,http://catmaid.hms.harvard.edu/?pid=1012&zp=7280.0&yp=319632.0&xp=328696.0&tool=tracingtool&sid0=6&s0=-2
,,,,,2828151.0,327960.0,318672.0,7800.0,324847.0,215638.0,http://catmaid.hms.harvard.edu/?pid=1012&zp=7800.0&yp=318672.0&xp=327960.0&tool=tracingtool&sid0=6&s0=-2
,,,,,2828595.0,321668.0,289532.0,9160.0,324847.0,2054098.0,http://catmaid.hms.harvard.edu/?pid=1012&zp=9160.0&yp=289532.0&xp=321668.0&tool=tracingtool&sid0=6&s0=-2
,,,,,2853851.0,252434.0,352856.0,12640.0,324847.0,2937744.0,http://catmaid.hms.harvard.edu/?pid=1012&zp=12640.0&yp=352856.0&xp=252434.0&tool=tracingtool&sid0=6&s0=-2
,,,,,2857823.0,327304.0,387032.0,17200.0,324847.0,29376.0,http://catmaid.hms.harvard.edu/?pid=1012&zp=17200.0&yp=387032.0&xp=327304.0&tool=tracingtool&sid0=6&s0=-2
,,,,,2859027.0,304808.0,344656.0,16720.0,324847.0,324905.0,http://catmaid.hms.harvard.edu/?pid=1012&zp=16720.0&yp=344656.0&xp=304808.0&tool=tracingtool&sid0=6&s0=-2
,,,,,2860885.0,286136.0,313060.0,21120.0,324847.0,324905.0,http://catmaid.hms.harvard.edu/?pid=1012&zp=21120.0&yp=313060.0&xp=286136.0&tool=tracingtool&sid0=6&s0=-2
,,,,,2863455.0,284668.0,301228.0,13280.0,324847.0,1207256.0,http://catmaid.hms.harvard.edu/?pid=1012&zp=13280.0&yp=301228.0&xp=284668.0&tool=tracingtool&sid0=6&s0=-2
,,,,,2858265.0,319928.0,359148.0,12320.0,324847.0,139314.0,http://catmaid.hms.harvard.edu/?pid=1012&zp=12320.0&yp=359148.0&xp=319928.0&tool=tracingtool&sid0=6&s0=-2
,,,,,2920091.0,256356.0,394784.0,21680.0,2949878.0,2937744.0,http://catmaid.hms.harvard.edu/?pid=1012&zp=21680.0&yp=394784.0&xp=256356.0&tool=tracingtool&sid0=6&s0=-2
,,,,,2928057.0,264072.0,399000.0,18360.0,2949878.0,519969.0,http://catmaid.hms.harvard.edu/?pid=1012&zp=18360.0&yp=399000.0&xp=264072.0&tool=tracingtool&sid0=6&s0=-2
,,,,,3006383.0,240148.0,359214.0,17000.0,326139.0,28382.0,http://catmaid.hms.harvard.edu/?pid=1012&zp=17000.0&yp=359214.0&xp=240148.0&tool=tracingtool&sid0=6&s0=-2
,,,,,3008463.0,249948.0,414730.0,25240.0,326139.0,215638.0,http://catmaid.hms.harvard.edu/?pid=1012&zp=25240.0&yp=414730.0&xp=249948.0&tool=tracingtool&sid0=6&s0=-2
,,,,,3008499.0,249618.0,416080.0,25160.0,326139.0,215638.0,http://catmaid.hms.harvard.edu/?pid=1012&zp=25160.0&yp=416080.0&xp=249618.0&tool=tracingtool&sid0=6&s0=-2
,,,,,3017011.0,265368.0,377316.0,19000.0,326139.0,519969.0,http://catmaid.hms.harvard.edu/?pid=1012&zp=19000.0&yp=377316.0&xp=265368.0&tool=tracingtool&sid0=6&s0=-2
,,,,,3027781.0,277104.0,348048.0,18320.0,2949878.0,215638.0,http://catmaid.hms.harvard.edu/?pid=1012&zp=18320.0&yp=348048.0&xp=277104.0&tool=tracingtool&sid0=6&s0=-2
,,,,,3010565.0,223928.0,331300.0,19560.0,326139.0,14877.0,http://catmaid.hms.harvard.edu/?pid=1012&zp=19560.0&yp=331300.0&xp=223928.0&tool=tracingtool&sid0=6&s0=-2
,,,,,3011617.0,252904.0,410964.0,24320.0,326139.0,215638.0,http://catmaid.hms.harvard.edu/?pid=1012&zp=24320.0&yp=410964.0&xp=252904.0&tool=tracingtool&sid0=6&s0=-2
,,,,,3011855.0,256320.0,393944.0,21280.0,326139.0,2937744.0,http://catmaid.hms.harvard.edu/?pid=1012&zp=21280.0&yp=393944.0&xp=256320.0&tool=tracingtool&sid0=6&s0=-2
,,,,,3017459.0,264470.0,363248.0,10000.0,326139.0,28382.0,http://catmaid.hms.harvard.edu/?pid=1012&zp=10000.0&yp=363248.0&xp=264470.0&tool=tracingtool&sid0=6&s0=-2
,,,,,2744544.0,451580.0,329584.0,28440.0,1964.0,2855328.0,http://catmaid.hms.harvard.edu/?pid=1012&zp=28440.0&yp=329584.0&xp=451580.0&tool=tracingtool&sid0=6&s0=-2
,,,,,2996158.0,515232.0,342548.0,11040.0,2855328.0,141822.0,http://catmaid.hms.harvard.edu/?pid=1012&zp=11040.0&yp=342548.0&xp=515232.0&tool=tracingtool&sid0=6&s0=-2
,,,,,2997298.0,502820.03125,344114.03125,21480.0,2855328.0,1518538.0,http://catmaid.hms.harvard.edu/?pid=1012&zp=21480.0&yp=344114.03125&xp=502820.03125&tool=tracingtool&sid0=6&s0=-2
,,,,,3009454.0,494130.0,343024.0,22600.0,2855328.0,4510220.0,http://catmaid.hms.harvard.edu/?pid=1012&zp=22600.0&yp=343024.0&xp=494130.0&tool=tracingtool&sid0=6&s0=-2
,,,,,3013096.0,494139.96875,412432.03125,17800.0,2855328.0,1520712.0,http://catmaid.hms.harvard.edu/?pid=1012&zp=17800.0&yp=412432.03125&xp=494139.96875&tool=tracingtool&sid0=6&s0=-2
,,,,,3140668.0,302400.0,322048.0,10680.0,325419.0,215638.0,http://catmaid.hms.harvard.edu/?pid=1012&zp=10680.0&yp=322048.0&xp=302400.0&tool=tracingtool&sid0=6&s0=-2
,,,,,3142176.0,347003.96875,460192.03125,30640.0,325123.0,199183.0,http://catmaid.hms.harvard.edu/?pid=1012&zp=30640.0&yp=460192.03125&xp=347003.96875&tool=tracingtool&sid0=6&s0=-2
,,,,,3142946.0,315618.0,389970.03125,27120.0,325123.0,215638.0,http://catmaid.hms.harvard.edu/?pid=1012&zp=27120.0&yp=389970.03125&xp=315618.0&tool=tracingtool&sid0=6&s0=-2
,,,,,3142996.0,315304.0,387160.03125,26960.0,325123.0,215638.0,http://catmaid.hms.harvard.edu/?pid=1012&zp=26960.0&yp=387160.03125&xp=315304.0&tool=tracingtool&sid0=6&s0=-2
,,,,,3143076.0,315736.0,380512.0,27080.0,325123.0,215638.0,http://catmaid.hms.harvard.edu/?pid=1012&zp=27080.0&yp=380512.0&xp=315736.0&tool=tracingtool&sid0=6&s0=-2
,,,,,3146830.0,306168.03125,349714.0,28440.0,325123.0,923242.0,http://catmaid.hms.harvard.edu/?pid=1012&zp=28440.0&yp=349714.0&xp=306168.03125&tool=tracingtool&sid0=6&s0=-2
,,,,,3149028.0,320914.0,411062.03125,28160.0,325123.0,215638.0,http://catmaid.hms.harvard.edu/?pid=1012&zp=28160.0&yp=411062.03125&xp=320914.0&tool=tracingtool&sid0=6&s0=-2
,,,,,3151176.0,313252.0,365140.0,18240.0,325123.0,215638.0,http://catmaid.hms.harvard.edu/?pid=1012&zp=18240.0&yp=365140.0&xp=313252.0&tool=tracingtool&sid0=6&s0=-2
,,,,,3152780.0,295362.0,362128.03125,25680.0,325123.0,29376.0,http://catmaid.hms.harvard.edu/?pid=1012&zp=25680.0&yp=362128.03125&xp=295362.0&tool=tracingtool&sid0=6&s0=-2
,,,,,3155126.0,271236.0,253060.015625,15880.0,325123.0,325419.0,http://catmaid.hms.harvard.edu/?pid=1012&zp=15880.0&yp=253060.015625&xp=271236.0&tool=tracingtool&sid0=6&s0=-2
,,,,,3166338.0,355144.0,422388.0,16720.0,325123.0,74410.0,http://catmaid.hms.harvard.edu/?pid=1012&zp=16720.0&yp=422388.0&xp=355144.0&tool=tracingtool&sid0=6&s0=-2
,,,,,3169126.0,360012.0,358874.03125,14520.0,325123.0,232840.0,http://catmaid.hms.harvard.edu/?pid=1012&zp=14520.0&yp=358874.03125&xp=360012.0&tool=tracingtool&sid0=6&s0=-2
,,,,,3169428.0,359466.0,351754.03125,14960.0,325123.0,324363.0,http://catmaid.hms.harvard.edu/?pid=1012&zp=14960.0&yp=351754.03125&xp=359466.0&tool=tracingtool&sid0=6&s0=-2
,,,,,3174788.0,355631.96875,308848.0,19440.0,325123.0,199183.0,http://catmaid.hms.harvard.edu/?pid=1012&zp=19440.0&yp=308848.0&xp=355631.96875&tool=tracingtool&sid0=6&s0=-2
,,,,,3174874.0,355368.0,306140.0,18880.0,325123.0,199183.0,http://catmaid.hms.harvard.edu/?pid=1012&zp=18880.0&yp=306140.0&xp=355368.0&tool=tracingtool&sid0=6&s0=-2
,,,,,3173342.0,360612.0,341608.03125,13720.0,325123.0,324847.0,http://catmaid.hms.harvard.edu/?pid=1012&zp=13720.0&yp=341608.03125&xp=360612.0&tool=tracingtool&sid0=6&s0=-2
,,,,,3190404.0,286120.0,352884.0,18360.0,325123.0,215638.0,http://catmaid.hms.harvard.edu/?pid=1012&zp=18360.0&yp=352884.0&xp=286120.0&tool=tracingtool&sid0=6&s0=-2
,,,,,3191282.0,280995.96875,332748.0,7120.0,325123.0,215638.0,http://catmaid.hms.harvard.edu/?pid=1012&zp=7120.0&yp=332748.0&xp=280995.96875&tool=tracingtool&sid0=6&s0=-2
,,,,,3191974.0,294711.96875,353152.03125,25600.0,325123.0,14877.0,http://catmaid.hms.harvard.edu/?pid=1012&zp=25600.0&yp=353152.03125&xp=294711.96875&tool=tracingtool&sid0=6&s0=-2
,,,,,3195588.0,327674.0,308514.03125,24160.0,325123.0,314.0,http://catmaid.hms.harvard.edu/?pid=1012&zp=24160.0&yp=308514.03125&xp=327674.0&tool=tracingtool&sid0=6&s0=-2
,,,,,3198354.0,347262.0,306562.0,9880.0,325123.0,3569.0,http://catmaid.hms.harvard.edu/?pid=1012&zp=9880.0&yp=306562.0&xp=347262.0&tool=tracingtool&sid0=6&s0=-2
,,,,,3199252.0,353540.0,307464.03125,6720.0,325123.0,323510.0,http://catmaid.hms.harvard.edu/?pid=1012&zp=6720.0&yp=307464.03125&xp=353540.0&tool=tracingtool&sid0=6&s0=-2
,,,,,3201592.0,311122.0,352170.03125,22000.0,325123.0,215638.0,http://catmaid.hms.harvard.edu/?pid=1012&zp=22000.0&yp=352170.03125&xp=311122.0&tool=tracingtool&sid0=6&s0=-2
,,,,,3203090.0,302106.0,323378.03125,10160.0,325123.0,215638.0,http://catmaid.hms.harvard.edu/?pid=1012&zp=10160.0&yp=323378.03125&xp=302106.0&tool=tracingtool&sid0=6&s0=-2
,,,,,3203336.0,302134.0,318602.03125,8160.0,325123.0,215638.0,http://catmaid.hms.harvard.edu/?pid=1012&zp=8160.0&yp=318602.03125&xp=302134.0&tool=tracingtool&sid0=6&s0=-2
,,,,,3205012.0,296595.96875,267468.03125,12600.0,325123.0,74410.0,http://catmaid.hms.harvard.edu/?pid=1012&zp=12600.0&yp=267468.03125&xp=296595.96875&tool=tracingtool&sid0=6&s0=-2
,,,,,3213710.0,338734.03125,363130.03125,19080.0,325123.0,199183.0,http://catmaid.hms.harvard.edu/?pid=1012&zp=19080.0&yp=363130.03125&xp=338734.03125&tool=tracingtool&sid0=6&s0=-2
,,,,,3215238.0,341896.0,381036.0,16600.0,325123.0,199183.0,http://catmaid.hms.harvard.edu/?pid=1012&zp=16600.0&yp=381036.0&xp=341896.0&tool=tracingtool&sid0=6&s0=-2
,,,,,3217456.0,371384.0,346132.03125,5920.0,325123.0,199183.0,http://catmaid.hms.harvard.edu/?pid=1012&zp=5920.0&yp=346132.03125&xp=371384.0&tool=tracingtool&sid0=6&s0=-2
,,,,,3222160.0,299351.96875,288200.0,8680.0,325123.0,519969.0,http://catmaid.hms.harvard.edu/?pid=1012&zp=8680.0&yp=288200.0&xp=299351.96875&tool=tracingtool&sid0=6&s0=-2
,,,,,3225450.0,321398.03125,307620.03125,29800.0,325123.0,4510220.0,http://catmaid.hms.harvard.edu/?pid=1012&zp=29800.0&yp=307620.03125&xp=321398.03125&tool=tracingtool&sid0=6&s0=-2
,,,,,3225564.0,325288.0,301196.03125,30360.0,325123.0,215638.0,http://catmaid.hms.harvard.edu/?pid=1012&zp=30360.0&yp=301196.03125&xp=325288.0&tool=tracingtool&sid0=6&s0=-2
,,,,,3225636.0,326084.0,300786.03125,30400.0,325123.0,215638.0,http://catmaid.hms.harvard.edu/?pid=1012&zp=30400.0&yp=300786.03125&xp=326084.0&tool=tracingtool&sid0=6&s0=-2
,,,,,3355286.0,341660.03125,380348.03125,17040.0,324905.0,199183.0,http://catmaid.hms.harvard.edu/?pid=1012&zp=17040.0&yp=380348.03125&xp=341660.03125&tool=tracingtool&sid0=6&s0=-2
,,,,,3363270.0,344671.96875,455992.0625,27680.0,324905.0,199183.0,http://catmaid.hms.harvard.edu/?pid=1012&zp=27680.0&yp=455992.0625&xp=344671.96875&tool=tracingtool&sid0=6&s0=-2
,,,,,3372854.0,329375.96875,418964.0,17640.0,324905.0,215638.0,http://catmaid.hms.harvard.edu/?pid=1012&zp=17640.0&yp=418964.0&xp=329375.96875&tool=tracingtool&sid0=6&s0=-2
,,,,,3373504.0,316047.96875,397112.0,25280.0,324905.0,2936482.0,http://catmaid.hms.harvard.edu/?pid=1012&zp=25280.0&yp=397112.0&xp=316047.96875&tool=tracingtool&sid0=6&s0=-2
,,,,,3373588.0,316148.0,392624.03125,23320.0,324905.0,2936482.0,http://catmaid.hms.harvard.edu/?pid=1012&zp=23320.0&yp=392624.03125&xp=316148.0&tool=tracingtool&sid0=6&s0=-2
,,,,,3379944.0,314340.0,388192.03125,22320.0,324905.0,2936482.0,http://catmaid.hms.harvard.edu/?pid=1012&zp=22320.0&yp=388192.03125&xp=314340.0&tool=tracingtool&sid0=6&s0=-2
,,,,,3380032.0,314088.0,384324.03125,23240.0,324905.0,215638.0,http://catmaid.hms.harvard.edu/?pid=1012&zp=23240.0&yp=384324.03125&xp=314088.0&tool=tracingtool&sid0=6&s0=-2
,,,,,3380614.0,305620.0,361000.03125,18640.0,324905.0,2936482.0,http://catmaid.hms.harvard.edu/?pid=1012&zp=18640.0&yp=361000.03125&xp=305620.0&tool=tracingtool&sid0=6&s0=-2
,,,,,3381452.0,307356.0,375296.03125,31520.0,324905.0,14877.0,http://catmaid.hms.harvard.edu/?pid=1012&zp=31520.0&yp=375296.03125&xp=307356.0&tool=tracingtool&sid0=6&s0=-2
,,,,,3382298.0,316347.96875,396560.03125,27880.0,324905.0,215638.0,http://catmaid.hms.harvard.edu/?pid=1012&zp=27880.0&yp=396560.03125&xp=316347.96875&tool=tracingtool&sid0=6&s0=-2
,,,,,3383430.0,338903.96875,362780.03125,18520.0,324905.0,199183.0,http://catmaid.hms.harvard.edu/?pid=1012&zp=18520.0&yp=362780.03125&xp=338903.96875&tool=tracingtool&sid0=6&s0=-2
,,,,,3383470.0,337004.03125,359832.03125,17840.0,324905.0,199183.0,http://catmaid.hms.harvard.edu/?pid=1012&zp=17840.0&yp=359832.03125&xp=337004.03125&tool=tracingtool&sid0=6&s0=-2
,,,,,3392818.0,322083.96875,396908.03125,18080.0,324905.0,215638.0,http://catmaid.hms.harvard.edu/?pid=1012&zp=18080.0&yp=396908.03125&xp=322083.96875&tool=tracingtool&sid0=6&s0=-2
,,,,,3395696.0,400895.96875,327996.03125,8000.0,324905.0,103694.0,http://catmaid.hms.harvard.edu/?pid=1012&zp=8000.0&yp=327996.03125&xp=400895.96875&tool=tracingtool&sid0=6&s0=-2
,,,,,3399154.0,451692.0,293692.0,4280.0,324905.0,162890.0,http://catmaid.hms.harvard.edu/?pid=1012&zp=4280.0&yp=293692.0&xp=451692.0&tool=tracingtool&sid0=6&s0=-2
,,,,,3403974.0,317644.0,204156.0,15120.0,324905.0,2936482.0,http://catmaid.hms.harvard.edu/?pid=1012&zp=15120.0&yp=204156.0&xp=317644.0&tool=tracingtool&sid0=6&s0=-2
,,,,,3425106.0,298908.0,352632.0,8680.0,325419.0,199183.0,http://catmaid.hms.harvard.edu/?pid=1012&zp=8680.0&yp=352632.0&xp=298908.0&tool=tracingtool&sid0=6&s0=-2
,,,,,3425524.0,309108.0,348762.0,18040.0,325419.0,28382.0,http://catmaid.hms.harvard.edu/?pid=1012&zp=18040.0&yp=348762.0&xp=309108.0&tool=tracingtool&sid0=6&s0=-2
,,,,,3425768.0,310214.0,352924.0,21680.0,325419.0,215638.0,http://catmaid.hms.harvard.edu/?pid=1012&zp=21680.0&yp=352924.0&xp=310214.0&tool=tracingtool&sid0=6&s0=-2
,,,,,3425978.0,311412.0,360628.0,25080.0,325419.0,320134.0,http://catmaid.hms.harvard.edu/?pid=1012&zp=25080.0&yp=360628.0&xp=311412.0&tool=tracingtool&sid0=6&s0=-2
,,,,,3380174.0,310448.0,377860.0,22920.0,324905.0,215638.0,http://catmaid.hms.harvard.edu/?pid=1012&zp=22920.0&yp=377860.0&xp=310448.0&tool=tracingtool&sid0=6&s0=-2
,,,,,3445166.0,256092.0,368540.0,17960.0,325419.0,520646.0,http://catmaid.hms.harvard.edu/?pid=1012&zp=17960.0&yp=368540.0&xp=256092.0&tool=tracingtool&sid0=6&s0=-2
,,,,,3447272.0,279324.0,296936.0,14920.0,325419.0,215638.0,http://catmaid.hms.harvard.edu/?pid=1012&zp=14920.0&yp=296936.0&xp=279324.0&tool=tracingtool&sid0=6&s0=-2
,,,,,3460604.0,437323.96875,293496.0,32080.0,325308.0,466695.0,http://catmaid.hms.harvard.edu/?pid=1012&zp=32080.0&yp=293496.0&xp=437323.96875&tool=tracingtool&sid0=6&s0=-2
,,,,,3551408.0,246560.0,362848.0,16360.0,325419.0,888054.0,http://catmaid.hms.harvard.edu/?pid=1012&zp=16360.0&yp=362848.0&xp=246560.0&tool=tracingtool&sid0=6&s0=-2
,,,,,3551594.0,265944.0,377256.0,19160.0,325419.0,519969.0,http://catmaid.hms.harvard.edu/?pid=1012&zp=19160.0&yp=377256.0&xp=265944.0&tool=tracingtool&sid0=6&s0=-2
,,,,,3551648.0,269920.0,378392.0,20480.0,325419.0,215638.0,http://catmaid.hms.harvard.edu/?pid=1012&zp=20480.0&yp=378392.0&xp=269920.0&tool=tracingtool&sid0=6&s0=-2
,,,,,4562088.0,233156.0,377192.0,15120.0,326139.0,2937744.0,http://catmaid.hms.harvard.edu/?pid=1012&zp=15120.0&yp=377192.0&xp=233156.0&tool=tracingtool&sid0=6&s0=-2
,,,,,4562296.0,228884.0,374804.0,14520.0,326139.0,2937744.0,http://catmaid.hms.harvard.edu/?pid=1012&zp=14520.0&yp=374804.0&xp=228884.0&tool=tracingtool&sid0=6&s0=-2
,,,,,1479599.0,255900.0,262220.0,5880.0,215638.0,1128898.0,http://catmaid.hms.harvard.edu/?pid=1012&zp=5880.0&yp=262220.0&xp=255900.0&tool=tracingtool&sid0=6&s0=-2
,,,,,4728164.0,329464.0,261724.0,14080.0,324847.0,2176082.0,http://catmaid.hms.harvard.edu/?pid=1012&zp=14080.0&yp=261724.0&xp=329464.0&tool=tracingtool&sid0=6&s0=-2
,,,,,4731428.0,354744.0,263104.0,30120.0,324847.0,923242.0,http://catmaid.hms.harvard.edu/?pid=1012&zp=30120.0&yp=263104.0&xp=354744.0&tool=tracingtool&sid0=6&s0=-2
,,,,,4740292.0,226564.0,320080.0,4680.0,326139.0,199183.0,http://catmaid.hms.harvard.edu/?pid=1012&zp=4680.0&yp=320080.0&xp=226564.0&tool=tracingtool&sid0=6&s0=-2
,,,,,89852.0,327632.0,464368.0,32680.0,74410.0,183216.0,http://catmaid.hms.harvard.edu/?pid=1012&zp=32680.0&yp=464368.0&xp=327632.0&tool=tracingtool&sid0=6&s0=-2
,,,,,89421.0,363984.0,438356.0,27360.0,74410.0,183216.0,http://catmaid.hms.harvard.edu/?pid=1012&zp=27360.0&yp=438356.0&xp=363984.0&tool=tracingtool&sid0=6&s0=-2
,,,,,122031.0,306020.0,474248.0,27680.0,72324.0,183216.0,http://catmaid.hms.harvard.edu/?pid=1012&zp=27680.0&yp=474248.0&xp=306020.0&tool=tracingtool&sid0=6&s0=-2
,,,,,125262.0,292228.0,448716.0,20680.0,72324.0,183216.0,http://catmaid.hms.harvard.edu/?pid=1012&zp=20680.0&yp=448716.0&xp=292228.0&tool=tracingtool&sid0=6&s0=-2
,,,,,266430.0,436992.0,422380.0,13720.0,74410.0,1525188.0,http://catmaid.hms.harvard.edu/?pid=1012&zp=13720.0&yp=422380.0&xp=436992.0&tool=tracingtool&sid0=6&s0=-2
,,,,,268571.0,257088.0,438760.0,13800.0,222688.0,289961.0,http://catmaid.hms.harvard.edu/?pid=1012&zp=13800.0&yp=438760.0&xp=257088.0&tool=tracingtool&sid0=6&s0=-2
,,,,,280323.0,244864.0,456960.0,20240.0,222688.0,303245.0,http://catmaid.hms.harvard.edu/?pid=1012&zp=20240.0&yp=456960.0&xp=244864.0&tool=tracingtool&sid0=6&s0=-2
,,,,,285117.0,218316.0,430236.0,10760.0,222688.0,183216.0,http://catmaid.hms.harvard.edu/?pid=1012&zp=10760.0&yp=430236.0&xp=218316.0&tool=tracingtool&sid0=6&s0=-2
,,,,,292405.0,312500.0,447348.0,20680.0,38321.0,183216.0,http://catmaid.hms.harvard.edu/?pid=1012&zp=20680.0&yp=447348.0&xp=312500.0&tool=tracingtool&sid0=6&s0=-2
,,,,,301665.0,317116.0,372668.0,8960.0,72324.0,303245.0,http://catmaid.hms.harvard.edu/?pid=1012&zp=8960.0&yp=372668.0&xp=317116.0&tool=tracingtool&sid0=6&s0=-2
,,,,,316734.0,253752.0,401052.0,20800.0,91013.0,183216.0,http://catmaid.hms.harvard.edu/?pid=1012&zp=20800.0&yp=401052.0&xp=253752.0&tool=tracingtool&sid0=6&s0=-2
,,,,,426536.0,340844.0,364516.0,29760.0,284979.0,183216.0,http://catmaid.hms.harvard.edu/?pid=1012&zp=29760.0&yp=364516.0&xp=340844.0&tool=tracingtool&sid0=6&s0=-2
,,,,,427857.0,355932.0,370496.0,27080.0,284979.0,693886.0,http://catmaid.hms.harvard.edu/?pid=1012&zp=27080.0&yp=370496.0&xp=355932.0&tool=tracingtool&sid0=6&s0=-2
,,,,,810089.0,371976.0,410552.0,10520.0,689758.0,1862486.0,http://catmaid.hms.harvard.edu/?pid=1012&zp=10520.0&yp=410552.0&xp=371976.0&tool=tracingtool&sid0=6&s0=-2
,,,,,822447.0,362096.0,411704.0,20760.0,689758.0,1862860.0,http://catmaid.hms.harvard.edu/?pid=1012&zp=20760.0&yp=411704.0&xp=362096.0&tool=tracingtool&sid0=6&s0=-2
,,,,,820986.0,358504.0,378960.0,2600.0,74410.0,887214.0,http://catmaid.hms.harvard.edu/?pid=1012&zp=2600.0&yp=378960.0&xp=358504.0&tool=tracingtool&sid0=6&s0=-2
,,,,,823568.0,310096.0,365708.0,11080.0,53858.0,183216.0,http://catmaid.hms.harvard.edu/?pid=1012&zp=11080.0&yp=365708.0&xp=310096.0&tool=tracingtool&sid0=6&s0=-2
,,,,,825518.0,246260.0,310284.0,23840.0,74410.0,1092565.0,http://catmaid.hms.harvard.edu/?pid=1012&zp=23840.0&yp=310284.0&xp=246260.0&tool=tracingtool&sid0=6&s0=-2
,,,,,1051276.0,334676.0,398252.0,18800.0,284979.0,1152826.0,http://catmaid.hms.harvard.edu/?pid=1012&zp=18800.0&yp=398252.0&xp=334676.0&tool=tracingtool&sid0=6&s0=-2
,,,,,843973.0,395496.0,501208.0,25520.0,689758.0,1155982.0,http://catmaid.hms.harvard.edu/?pid=1012&zp=25520.0&yp=501208.0&xp=395496.0&tool=tracingtool&sid0=6&s0=-2
,,,,,859895.0,367376.0,409216.0,3680.0,689758.0,183216.0,http://catmaid.hms.harvard.edu/?pid=1012&zp=3680.0&yp=409216.0&xp=367376.0&tool=tracingtool&sid0=6&s0=-2
,,,,,870866.0,327932.0,407740.0,22080.0,38321.0,183216.0,http://catmaid.hms.harvard.edu/?pid=1012&zp=22080.0&yp=407740.0&xp=327932.0&tool=tracingtool&sid0=6&s0=-2
,,,,,1043695.0,236716.0,391434.0,20400.0,887610.0,183216.0,http://catmaid.hms.harvard.edu/?pid=1012&zp=20400.0&yp=391434.0&xp=236716.0&tool=tracingtool&sid0=6&s0=-2
,,,,,1077097.0,285184.0,439256.0,29280.0,922922.0,183216.0,http://catmaid.hms.harvard.edu/?pid=1012&zp=29280.0&yp=439256.0&xp=285184.0&tool=tracingtool&sid0=6&s0=-2
,,,,,1045912.0,306876.0,364356.0,9720.0,284979.0,183216.0,http://catmaid.hms.harvard.edu/?pid=1012&zp=9720.0&yp=364356.0&xp=306876.0&tool=tracingtool&sid0=6&s0=-2
,,,,,1051108.0,308752.0,364496.0,9880.0,284979.0,183216.0,http://catmaid.hms.harvard.edu/?pid=1012&zp=9880.0&yp=364496.0&xp=308752.0&tool=tracingtool&sid0=6&s0=-2
,,,,,1051168.0,309784.0,369472.0,9800.0,284979.0,183216.0,http://catmaid.hms.harvard.edu/?pid=1012&zp=9800.0&yp=369472.0&xp=309784.0&tool=tracingtool&sid0=6&s0=-2
,,,,,1063082.0,323804.0,371544.0,13960.0,284979.0,1155982.0,http://catmaid.hms.harvard.edu/?pid=1012&zp=13960.0&yp=371544.0&xp=323804.0&tool=tracingtool&sid0=6&s0=-2
,,,,,1190053.0,211936.0,374168.0,7440.0,922922.0,1928756.0,http://catmaid.hms.harvard.edu/?pid=1012&zp=7440.0&yp=374168.0&xp=211936.0&tool=tracingtool&sid0=6&s0=-2
,,,,,1193449.0,282708.0,415592.0,12600.0,922922.0,303245.0,http://catmaid.hms.harvard.edu/?pid=1012&zp=12600.0&yp=415592.0&xp=282708.0&tool=tracingtool&sid0=6&s0=-2
,,,,,1444968.0,519336.0,387928.0,8760.0,1403212.0,1525188.0,http://catmaid.hms.harvard.edu/?pid=1012&zp=8760.0&yp=387928.0&xp=519336.0&tool=tracingtool&sid0=6&s0=-2
,,,,,1267351.0,311776.0,433848.0,18760.0,950868.0,183216.0,http://catmaid.hms.harvard.edu/?pid=1012&zp=18760.0&yp=433848.0&xp=311776.0&tool=tracingtool&sid0=6&s0=-2
,,,,,1277715.0,312328.0,442056.0,20840.0,950868.0,183216.0,http://catmaid.hms.harvard.edu/?pid=1012&zp=20840.0&yp=442056.0&xp=312328.0&tool=tracingtool&sid0=6&s0=-2
,,,,,1278821.0,311488.0,469400.0,25800.0,950868.0,183216.0,http://catmaid.hms.harvard.edu/?pid=1012&zp=25800.0&yp=469400.0&xp=311488.0&tool=tracingtool&sid0=6&s0=-2
,,,,,1382993.0,317368.0,319996.0,15640.0,215638.0,4536020.0,http://catmaid.hms.harvard.edu/?pid=1012&zp=15640.0&yp=319996.0&xp=317368.0&tool=tracingtool&sid0=6&s0=-2
,,,,,1447817.0,317700.0,323220.0,14280.0,215638.0,4536020.0,http://catmaid.hms.harvard.edu/?pid=1012&zp=14280.0&yp=323220.0&xp=317700.0&tool=tracingtool&sid0=6&s0=-2
,,,,,1447871.0,318476.0,325756.0,14760.0,215638.0,4536020.0,http://catmaid.hms.harvard.edu/?pid=1012&zp=14760.0&yp=325756.0&xp=318476.0&tool=tracingtool&sid0=6&s0=-2
,,,,,1461245.0,292096.0,259200.0,11720.0,215638.0,4536020.0,http://catmaid.hms.harvard.edu/?pid=1012&zp=11720.0&yp=259200.0&xp=292096.0&tool=tracingtool&sid0=6&s0=-2
,,,,,1461329.0,295328.0,260540.0,13040.0,215638.0,4536020.0,http://catmaid.hms.harvard.edu/?pid=1012&zp=13040.0&yp=260540.0&xp=295328.0&tool=tracingtool&sid0=6&s0=-2
,,,,,1478689.0,271524.0,258336.0,6720.0,215638.0,4536020.0,http://catmaid.hms.harvard.edu/?pid=1012&zp=6720.0&yp=258336.0&xp=271524.0&tool=tracingtool&sid0=6&s0=-2
,,,,,1527357.0,323456.0,414052.0,21280.0,950868.0,183216.0,http://catmaid.hms.harvard.edu/?pid=1012&zp=21280.0&yp=414052.0&xp=323456.0&tool=tracingtool&sid0=6&s0=-2
,,,,,1541865.0,336692.0,427680.0,8120.0,950868.0,183216.0,http://catmaid.hms.harvard.edu/?pid=1012&zp=8120.0&yp=427680.0&xp=336692.0&tool=tracingtool&sid0=6&s0=-2
,,,,,1613409.0,299416.0,259824.0,16000.0,215638.0,4536020.0,http://catmaid.hms.harvard.edu/?pid=1012&zp=16000.0&yp=259824.0&xp=299416.0&tool=tracingtool&sid0=6&s0=-2
,,,,,1641118.0,336848.0,283052.0,19360.0,1207256.0,4536020.0,http://catmaid.hms.harvard.edu/?pid=1012&zp=19360.0&yp=283052.0&xp=336848.0&tool=tracingtool&sid0=6&s0=-2
,,,,,1641984.0,322256.0,275260.0,11280.0,1207256.0,319917.0,http://catmaid.hms.harvard.edu/?pid=1012&zp=11280.0&yp=275260.0&xp=322256.0&tool=tracingtool&sid0=6&s0=-2
,,,,,1642366.0,314648.0,268392.0,17640.0,1207256.0,319917.0,http://catmaid.hms.harvard.edu/?pid=1012&zp=17640.0&yp=268392.0&xp=314648.0&tool=tracingtool&sid0=6&s0=-2
,,,,,1642908.0,286512.0,262196.0,19600.0,1207256.0,2089556.0,http://catmaid.hms.harvard.edu/?pid=1012&zp=19600.0&yp=262196.0&xp=286512.0&tool=tracingtool&sid0=6&s0=-2
,,,,,1644838.0,255160.0,254792.0,22480.0,1207256.0,2089924.0,http://catmaid.hms.harvard.edu/?pid=1012&zp=22480.0&yp=254792.0&xp=255160.0&tool=tracingtool&sid0=6&s0=-2
,,,,,2194439.0,326104.0,402904.0,19680.0,1285762.0,183216.0,http://catmaid.hms.harvard.edu/?pid=1012&zp=19680.0&yp=402904.0&xp=326104.0&tool=tracingtool&sid0=6&s0=-2
,,,,,2194543.0,327568.0,409928.0,21000.0,1285762.0,183216.0,http://catmaid.hms.harvard.edu/?pid=1012&zp=21000.0&yp=409928.0&xp=327568.0&tool=tracingtool&sid0=6&s0=-2
,,,,,2205353.0,331440.0,387136.0,24400.0,1285762.0,183216.0,http://catmaid.hms.harvard.edu/?pid=1012&zp=24400.0&yp=387136.0&xp=331440.0&tool=tracingtool&sid0=6&s0=-2
,,,,,1605376.0,338488.0,373540.0,27600.0,923242.0,183216.0,http://catmaid.hms.harvard.edu/?pid=1012&zp=27600.0&yp=373540.0&xp=338488.0&tool=tracingtool&sid0=6&s0=-2
,,,,,1951548.0,297192.0,468000.0,15440.0,950868.0,183216.0,http://catmaid.hms.harvard.edu/?pid=1012&zp=15440.0&yp=468000.0&xp=297192.0&tool=tracingtool&sid0=6&s0=-2
,,,,,1952108.0,294336.0,455920.0,9560.0,950868.0,183216.0,http://catmaid.hms.harvard.edu/?pid=1012&zp=9560.0&yp=455920.0&xp=294336.0&tool=tracingtool&sid0=6&s0=-2
,,,,,1954688.0,292728.0,446808.0,3680.0,950868.0,183216.0,http://catmaid.hms.harvard.edu/?pid=1012&zp=3680.0&yp=446808.0&xp=292728.0&tool=tracingtool&sid0=6&s0=-2
,,,,,1959404.0,283496.0,419648.0,12800.0,950868.0,303245.0,http://catmaid.hms.harvard.edu/?pid=1012&zp=12800.0&yp=419648.0&xp=283496.0&tool=tracingtool&sid0=6&s0=-2
,,,,,2017728.0,186184.0,424660.0,6160.0,1913582.0,183216.0,http://catmaid.hms.harvard.edu/?pid=1012&zp=6160.0&yp=424660.0&xp=186184.0&tool=tracingtool&sid0=6&s0=-2
,,,,,2688641.0,281820.0,416516.0,12600.0,950868.0,303245.0,http://catmaid.hms.harvard.edu/?pid=1012&zp=12600.0&yp=416516.0&xp=281820.0&tool=tracingtool&sid0=6&s0=-2
,,,,,2191146.0,363932.0,366628.0,24520.0,1834.0,693886.0,http://catmaid.hms.harvard.edu/?pid=1012&zp=24520.0&yp=366628.0&xp=363932.0&tool=tracingtool&sid0=6&s0=-2
,,,,,2191640.0,355420.0,363152.0,23680.0,1834.0,2474502.0,http://catmaid.hms.harvard.edu/?pid=1012&zp=23680.0&yp=363152.0&xp=355420.0&tool=tracingtool&sid0=6&s0=-2
,,,,,2724421.0,303952.0,389591.96875,9480.0,922922.0,303245.0,http://catmaid.hms.harvard.edu/?pid=1012&zp=9480.0&yp=389591.96875&xp=303952.0&tool=tracingtool&sid0=6&s0=-2
,,,,,2725601.0,316791.90625,383288.03125,13680.0,922922.0,183216.0,http://catmaid.hms.harvard.edu/?pid=1012&zp=13680.0&yp=383288.03125&xp=316791.90625&tool=tracingtool&sid0=6&s0=-2
,,,,,2827541.0,331100.0,371920.0,12600.0,324847.0,2936790.0,http://catmaid.hms.harvard.edu/?pid=1012&zp=12600.0&yp=371920.0&xp=331100.0&tool=tracingtool&sid0=6&s0=-2
,,,,,2828811.0,324200.0,275656.0,7480.0,324847.0,319917.0,http://catmaid.hms.harvard.edu/?pid=1012&zp=7480.0&yp=275656.0&xp=324200.0&tool=tracingtool&sid0=6&s0=-2
,,,,,2854023.0,246960.0,351584.0,13200.0,324847.0,693886.0,http://catmaid.hms.harvard.edu/?pid=1012&zp=13200.0&yp=351584.0&xp=246960.0&tool=tracingtool&sid0=6&s0=-2
,,,,,2828763.0,323844.0,276580.0,8240.0,324847.0,319917.0,http://catmaid.hms.harvard.edu/?pid=1012&zp=8240.0&yp=276580.0&xp=323844.0&tool=tracingtool&sid0=6&s0=-2
,,,,,2853297.0,247852.0,360832.0,5040.0,324847.0,183216.0,http://catmaid.hms.harvard.edu/?pid=1012&zp=5040.0&yp=360832.0&xp=247852.0&tool=tracingtool&sid0=6&s0=-2
,,,,,2826867.0,316652.0,384140.0,13840.0,324847.0,183216.0,http://catmaid.hms.harvard.edu/?pid=1012&zp=13840.0&yp=384140.0&xp=316652.0&tool=tracingtool&sid0=6&s0=-2
,,,,,2857459.0,325808.0,402984.0,19440.0,324847.0,183216.0,http://catmaid.hms.harvard.edu/?pid=1012&zp=19440.0&yp=402984.0&xp=325808.0&tool=tracingtool&sid0=6&s0=-2
,,,,,2301738.0,517564.0,420316.0,21920.0,1964.0,1525188.0,http://catmaid.hms.harvard.edu/?pid=1012&zp=21920.0&yp=420316.0&xp=517564.0&tool=tracingtool&sid0=6&s0=-2
,,,,,2927581.0,263752.0,403528.0,20560.0,2949878.0,183216.0,http://catmaid.hms.harvard.edu/?pid=1012&zp=20560.0&yp=403528.0&xp=263752.0&tool=tracingtool&sid0=6&s0=-2
,,,,,2945907.0,251192.0,389816.0,27960.0,2949878.0,2474502.0,http://catmaid.hms.harvard.edu/?pid=1012&zp=27960.0&yp=389816.0&xp=251192.0&tool=tracingtool&sid0=6&s0=-2
,,,,,2948701.0,224524.0,351728.0,20720.0,2949878.0,693886.0,http://catmaid.hms.harvard.edu/?pid=1012&zp=20720.0&yp=351728.0&xp=224524.0&tool=tracingtool&sid0=6&s0=-2
,,,,,301314.0,312520.0,375076.0,14480.0,72324.0,303245.0,http://catmaid.hms.harvard.edu/?pid=1012&zp=14480.0&yp=375076.0&xp=312520.0&tool=tracingtool&sid0=6&s0=-2
,,,,,3012960.0,504795.96875,446104.03125,25840.0,2855328.0,1525188.0,http://catmaid.hms.harvard.edu/?pid=1012&zp=25840.0&yp=446104.03125&xp=504795.96875&tool=tracingtool&sid0=6&s0=-2
,,,,,3134324.0,327780.0,407036.0625,21400.0,325123.0,183216.0,http://catmaid.hms.harvard.edu/?pid=1012&zp=21400.0&yp=407036.0625&xp=327780.0&tool=tracingtool&sid0=6&s0=-2
,,,,,3207418.0,306630.03125,252794.0,21120.0,325123.0,3433090.0,http://catmaid.hms.harvard.edu/?pid=1012&zp=21120.0&yp=252794.0&xp=306630.03125&tool=tracingtool&sid0=6&s0=-2
,,,,,3207604.0,305926.0,236110.03125,21280.0,325123.0,693886.0,http://catmaid.hms.harvard.edu/?pid=1012&zp=21280.0&yp=236110.03125&xp=305926.0&tool=tracingtool&sid0=6&s0=-2
,,,,,2601321.0,320560.0,339856.0,14520.0,215638.0,1155982.0,http://catmaid.hms.harvard.edu/?pid=1012&zp=14520.0&yp=339856.0&xp=320560.0&tool=tracingtool&sid0=6&s0=-2
,,,,,3276302.0,284190.0,242656.03125,17240.0,325123.0,693886.0,http://catmaid.hms.harvard.edu/?pid=1012&zp=17240.0&yp=242656.03125&xp=284190.0&tool=tracingtool&sid0=6&s0=-2
,,,,,3371448.0,348723.96875,445116.0625,24520.0,324905.0,183216.0,http://catmaid.hms.harvard.edu/?pid=1012&zp=24520.0&yp=445116.0625&xp=348723.96875&tool=tracingtool&sid0=6&s0=-2
,,,,,3373030.0,325052.0,412272.03125,20840.0,324905.0,183216.0,http://catmaid.hms.harvard.edu/?pid=1012&zp=20840.0&yp=412272.03125&xp=325052.0&tool=tracingtool&sid0=6&s0=-2
,,,,,3384550.0,324719.96875,313820.0,23000.0,324905.0,1155982.0,http://catmaid.hms.harvard.edu/?pid=1012&zp=23000.0&yp=313820.0&xp=324719.96875&tool=tracingtool&sid0=6&s0=-2
,,,,,3388002.0,318975.96875,271464.03125,14880.0,324905.0,319917.0,http://catmaid.hms.harvard.edu/?pid=1012&zp=14880.0&yp=271464.03125&xp=318975.96875&tool=tracingtool&sid0=6&s0=-2
,,,,,3392962.0,321680.0,395908.03125,17240.0,324905.0,183216.0,http://catmaid.hms.harvard.edu/?pid=1012&zp=17240.0&yp=395908.03125&xp=321680.0&tool=tracingtool&sid0=6&s0=-2
,,,,,3402778.0,323188.0,275960.0,10720.0,324905.0,319917.0,http://catmaid.hms.harvard.edu/?pid=1012&zp=10720.0&yp=275960.0&xp=323188.0&tool=tracingtool&sid0=6&s0=-2
,,,,,1459911.0,345476.0,304692.0,26720.0,215638.0,3433090.0,http://catmaid.hms.harvard.edu/?pid=1012&zp=26720.0&yp=304692.0&xp=345476.0&tool=tracingtool&sid0=6&s0=-2
,,,,,4584166.0,199988.0,338568.0,6480.0,326139.0,1092565.0,http://catmaid.hms.harvard.edu/?pid=1012&zp=6480.0&yp=338568.0&xp=199988.0&tool=tracingtool&sid0=6&s0=-2
,,,,,4739956.0,194128.0,344696.0,4880.0,326139.0,1092565.0,http://catmaid.hms.harvard.edu/?pid=1012&zp=4880.0&yp=344696.0&xp=194128.0&tool=tracingtool&sid0=6&s0=-2
,,,,,137528.0,353356.0,395368.0,15760.0,303245.0,94006.0,http://catmaid.hms.harvard.edu/?pid=1012&zp=15760.0&yp=395368.0&xp=353356.0&tool=tracingtool&sid0=6&s0=-2
,,,,,448290.0,313412.0,449348.0,28640.0,289961.0,2936482.0,http://catmaid.hms.harvard.edu/?pid=1012&zp=28640.0&yp=449348.0&xp=313412.0&tool=tracingtool&sid0=6&s0=-2
,,,,,453008.0,314184.0,385020.0,18520.0,289961.0,2936482.0,http://catmaid.hms.harvard.edu/?pid=1012&zp=18520.0&yp=385020.0&xp=314184.0&tool=tracingtool&sid0=6&s0=-2
,,,,,463618.0,377744.0,467100.0,6600.0,289961.0,782582.0,http://catmaid.hms.harvard.edu/?pid=1012&zp=6600.0&yp=467100.0&xp=377744.0&tool=tracingtool&sid0=6&s0=-2
,,,,,1127797.0,232628.0,409792.0,32440.0,1092565.0,519969.0,http://catmaid.hms.harvard.edu/?pid=1012&zp=32440.0&yp=409792.0&xp=232628.0&tool=tracingtool&sid0=6&s0=-2
,,,,,1258062.0,216568.0,316792.0,18960.0,693886.0,14877.0,http://catmaid.hms.harvard.edu/?pid=1012&zp=18960.0&yp=316792.0&xp=216568.0&tool=tracingtool&sid0=6&s0=-2
,,,,,1260238.0,216008.0,303924.0,14360.0,693886.0,519969.0,http://catmaid.hms.harvard.edu/?pid=1012&zp=14360.0&yp=303924.0&xp=216008.0&tool=tracingtool&sid0=6&s0=-2
,,,,,1270526.0,191064.0,319884.0,16360.0,693886.0,1876816.0,http://catmaid.hms.harvard.edu/?pid=1012&zp=16360.0&yp=319884.0&xp=191064.0&tool=tracingtool&sid0=6&s0=-2
,,,,,1277606.0,280296.0,407016.0,15960.0,693886.0,191682.0,http://catmaid.hms.harvard.edu/?pid=1012&zp=15960.0&yp=407016.0&xp=280296.0&tool=tracingtool&sid0=6&s0=-2
,,,,,1495490.0,366080.0,365380.0,6120.0,1152826.0,323510.0,http://catmaid.hms.harvard.edu/?pid=1012&zp=6120.0&yp=365380.0&xp=366080.0&tool=tracingtool&sid0=6&s0=-2
,,,,,1495524.0,365472.0,363244.0,5600.0,1152826.0,951990.0,http://catmaid.hms.harvard.edu/?pid=1012&zp=5600.0&yp=363244.0&xp=365472.0&tool=tracingtool&sid0=6&s0=-2
,,,,,1421713.0,214040.0,374008.0,28000.0,1092565.0,519969.0,http://catmaid.hms.harvard.edu/?pid=1012&zp=28000.0&yp=374008.0&xp=214040.0&tool=tracingtool&sid0=6&s0=-2
,,,,,1425367.0,181632.0,379560.0,25320.0,1092565.0,29376.0,http://catmaid.hms.harvard.edu/?pid=1012&zp=25320.0&yp=379560.0&xp=181632.0&tool=tracingtool&sid0=6&s0=-2
,,,,,1663223.0,422696.0,294904.0,22120.0,1525188.0,323510.0,http://catmaid.hms.harvard.edu/?pid=1012&zp=22120.0&yp=294904.0&xp=422696.0&tool=tracingtool&sid0=6&s0=-2
,,,,,1709535.0,335444.0,410824.0,24000.0,2936790.0,199183.0,http://catmaid.hms.harvard.edu/?pid=1012&zp=24000.0&yp=410824.0&xp=335444.0&tool=tracingtool&sid0=6&s0=-2
,,,,,1632652.0,323192.0,386676.0,28880.0,1155982.0,215638.0,http://catmaid.hms.harvard.edu/?pid=1012&zp=28880.0&yp=386676.0&xp=323192.0&tool=tracingtool&sid0=6&s0=-2
,,,,,1640816.0,270464.0,285000.0,13400.0,1155982.0,1128898.0,http://catmaid.hms.harvard.edu/?pid=1012&zp=13400.0&yp=285000.0&xp=270464.0&tool=tracingtool&sid0=6&s0=-2
,,,,,1643338.0,257056.0,245784.0,5600.0,1155982.0,2937744.0,http://catmaid.hms.harvard.edu/?pid=1012&zp=5600.0&yp=245784.0&xp=257056.0&tool=tracingtool&sid0=6&s0=-2
,,,,,1643444.0,259368.0,253976.0,5560.0,1155982.0,2937744.0,http://catmaid.hms.harvard.edu/?pid=1012&zp=5560.0&yp=253976.0&xp=259368.0&tool=tracingtool&sid0=6&s0=-2
,,,,,1644972.0,307368.0,339528.0,19360.0,1155982.0,215638.0,http://catmaid.hms.harvard.edu/?pid=1012&zp=19360.0&yp=339528.0&xp=307368.0&tool=tracingtool&sid0=6&s0=-2
,,,,,1648428.0,308328.0,349440.0,7640.0,1155982.0,520021.0,http://catmaid.hms.harvard.edu/?pid=1012&zp=7640.0&yp=349440.0&xp=308328.0&tool=tracingtool&sid0=6&s0=-2
,,,,,1648798.0,305616.0,346816.0,12160.0,1155982.0,2936482.0,http://catmaid.hms.harvard.edu/?pid=1012&zp=12160.0&yp=346816.0&xp=305616.0&tool=tracingtool&sid0=6&s0=-2
,,,,,1648946.0,304848.0,344264.0,13280.0,1155982.0,2936482.0,http://catmaid.hms.harvard.edu/?pid=1012&zp=13280.0&yp=344264.0&xp=304848.0&tool=tracingtool&sid0=6&s0=-2
,,,,,1649084.0,304920.0,345076.0,15000.0,1155982.0,2936482.0,http://catmaid.hms.harvard.edu/?pid=1012&zp=15000.0&yp=345076.0&xp=304920.0&tool=tracingtool&sid0=6&s0=-2
,,,,,1645534.0,305600.0,346520.0,13640.0,1155982.0,2936482.0,http://catmaid.hms.harvard.edu/?pid=1012&zp=13640.0&yp=346520.0&xp=305600.0&tool=tracingtool&sid0=6&s0=-2
,,,,,1903132.0,459336.0,349592.0,15640.0,887214.0,552141.0,http://catmaid.hms.harvard.edu/?pid=1012&zp=15640.0&yp=349592.0&xp=459336.0&tool=tracingtool&sid0=6&s0=-2
,,,,,1914208.0,385280.0,459920.0,17320.0,1862486.0,782582.0,http://catmaid.hms.harvard.edu/?pid=1012&zp=17320.0&yp=459920.0&xp=385280.0&tool=tracingtool&sid0=6&s0=-2
,,,,,2382591.0,306890.0,381132.03125,13200.0,2936790.0,226586.0,http://catmaid.hms.harvard.edu/?pid=1012&zp=13200.0&yp=381132.03125&xp=306890.0&tool=tracingtool&sid0=6&s0=-2
,,,,,2069712.0,254616.0,391628.0,28440.0,1928756.0,519969.0,http://catmaid.hms.harvard.edu/?pid=1012&zp=28440.0&yp=391628.0&xp=254616.0&tool=tracingtool&sid0=6&s0=-2
,,,,,2070842.0,267888.0,393888.0,23320.0,1928756.0,215638.0,http://catmaid.hms.harvard.edu/?pid=1012&zp=23320.0&yp=393888.0&xp=267888.0&tool=tracingtool&sid0=6&s0=-2
,,,,,2071980.0,270776.0,385016.0,23640.0,1928756.0,215638.0,http://catmaid.hms.harvard.edu/?pid=1012&zp=23640.0&yp=385016.0&xp=270776.0&tool=tracingtool&sid0=6&s0=-2
,,,,,2072300.0,273748.0,373680.0,23880.0,1928756.0,215638.0,http://catmaid.hms.harvard.edu/?pid=1012&zp=23880.0&yp=373680.0&xp=273748.0&tool=tracingtool&sid0=6&s0=-2
,,,,,2073474.0,273904.0,371760.0,23760.0,1928756.0,215638.0,http://catmaid.hms.harvard.edu/?pid=1012&zp=23760.0&yp=371760.0&xp=273904.0&tool=tracingtool&sid0=6&s0=-2
,,,,,2076396.0,228360.0,363544.0,31240.0,1928756.0,950868.0,http://catmaid.hms.harvard.edu/?pid=1012&zp=31240.0&yp=363544.0&xp=228360.0&tool=tracingtool&sid0=6&s0=-2
,,,,,2078166.0,225652.0,388856.0,28120.0,1928756.0,519969.0,http://catmaid.hms.harvard.edu/?pid=1012&zp=28120.0&yp=388856.0&xp=225652.0&tool=tracingtool&sid0=6&s0=-2
,,,,,2677353.0,322024.0,460016.0,19960.0,1862860.0,72324.0,http://catmaid.hms.harvard.edu/?pid=1012&zp=19960.0&yp=460016.0&xp=322024.0&tool=tracingtool&sid0=6&s0=-2
,,,,,2722383.0,335808.0,415348.0,25080.0,183216.0,192523.0,http://catmaid.hms.harvard.edu/?pid=1012&zp=25080.0&yp=415348.0&xp=335808.0&tool=tracingtool&sid0=6&s0=-2
,,,,,2724237.0,343008.0,446464.0,25040.0,183216.0,199183.0,http://catmaid.hms.harvard.edu/?pid=1012&zp=25040.0&yp=446464.0&xp=343008.0&tool=tracingtool&sid0=6&s0=-2
,,,,,2724377.0,343576.0,450528.0,26200.0,183216.0,199183.0,http://catmaid.hms.harvard.edu/?pid=1012&zp=26200.0&yp=450528.0&xp=343576.0&tool=tracingtool&sid0=6&s0=-2
,,,,,2724463.0,343432.0,452560.0,26360.0,183216.0,199183.0,http://catmaid.hms.harvard.edu/?pid=1012&zp=26360.0&yp=452560.0&xp=343432.0&tool=tracingtool&sid0=6&s0=-2
,,,,,3028569.0,338392.0,253232.0,28240.0,319917.0,325419.0,http://catmaid.hms.harvard.edu/?pid=1012&zp=28240.0&yp=253232.0&xp=338392.0&tool=tracingtool&sid0=6&s0=-2
,,,,,3031591.0,293140.0,197868.0,15360.0,319917.0,314.0,http://catmaid.hms.harvard.edu/?pid=1012&zp=15360.0&yp=197868.0&xp=293140.0&tool=tracingtool&sid0=6&s0=-2
,,,,,3036443.0,276660.0,199968.0,21080.0,319917.0,1232208.0,http://catmaid.hms.harvard.edu/?pid=1012&zp=21080.0&yp=199968.0&xp=276660.0&tool=tracingtool&sid0=6&s0=-2
,,,,,2591692.0,266208.0,420896.0,28720.0,2089556.0,2937744.0,http://catmaid.hms.harvard.edu/?pid=1012&zp=28720.0&yp=420896.0&xp=266208.0&tool=tracingtool&sid0=6&s0=-2
,,,,,2592198.0,263104.0,397240.0,23320.0,2089556.0,215638.0,http://catmaid.hms.harvard.edu/?pid=1012&zp=23320.0&yp=397240.0&xp=263104.0&tool=tracingtool&sid0=6&s0=-2
,,,,,2722990.0,240044.0,356096.0,20760.0,2089924.0,28382.0,http://catmaid.hms.harvard.edu/?pid=1012&zp=20760.0&yp=356096.0&xp=240044.0&tool=tracingtool&sid0=6&s0=-2
,,,,,2728086.0,249208.0,417856.0,24800.0,2089924.0,215638.0,http://catmaid.hms.harvard.edu/?pid=1012&zp=24800.0&yp=417856.0&xp=249208.0&tool=tracingtool&sid0=6&s0=-2
,,,,,2773300.0,359484.03125,411120.03125,22280.0,1862486.0,191682.0,http://catmaid.hms.harvard.edu/?pid=1012&zp=22280.0&yp=411120.03125&xp=359484.03125&tool=tracingtool&sid0=6&s0=-2
,,,,,2773982.0,327256.0,370276.0,15040.0,1862486.0,922922.0,http://catmaid.hms.harvard.edu/?pid=1012&zp=15040.0&yp=370276.0&xp=327256.0&tool=tracingtool&sid0=6&s0=-2
,,,,,3135133.0,267564.0,202616.0,24120.0,319917.0,923242.0,http://catmaid.hms.harvard.edu/?pid=1012&zp=24120.0&yp=202616.0&xp=267564.0&tool=tracingtool&sid0=6&s0=-2
,,,,,3139397.0,214736.0,182164.0,15560.0,319917.0,923242.0,http://catmaid.hms.harvard.edu/?pid=1012&zp=15560.0&yp=182164.0&xp=214736.0&tool=tracingtool&sid0=6&s0=-2
,,,,,2950110.0,286488.0,262514.0,15960.0,1155982.0,323510.0,http://catmaid.hms.harvard.edu/?pid=1012&zp=15960.0&yp=262514.0&xp=286488.0&tool=tracingtool&sid0=6&s0=-2
,,,,,3878030.0,382512.0,389144.0,14440.0,3433090.0,103694.0,http://catmaid.hms.harvard.edu/?pid=1012&zp=14440.0&yp=389144.0&xp=382512.0&tool=tracingtool&sid0=6&s0=-2
,,,,,3878182.0,377216.0,397728.0,14120.0,3433090.0,232840.0,http://catmaid.hms.harvard.edu/?pid=1012&zp=14120.0&yp=397728.0&xp=377216.0&tool=tracingtool&sid0=6&s0=-2
,,,,,4550606.0,255235.96875,414956.0,13680.0,2474502.0,29376.0,http://catmaid.hms.harvard.edu/?pid=1012&zp=13680.0&yp=414956.0&xp=255235.96875&tool=tracingtool&sid0=6&s0=-2
,,,,,5098870.0,317680.0,324728.0,6360.0,4536020.0,215638.0,http://catmaid.hms.harvard.edu/?pid=1012&zp=6360.0&yp=324728.0&xp=317680.0&tool=tracingtool&sid0=6&s0=-2
,,,,,5101618.0,326560.0,319720.0,6960.0,4536020.0,215638.0,http://catmaid.hms.harvard.edu/?pid=1012&zp=6960.0&yp=319720.0&xp=326560.0&tool=tracingtool&sid0=6&s0=-2
,,,,,5101916.0,328052.0,318936.0,8200.0,4536020.0,215638.0,http://catmaid.hms.harvard.edu/?pid=1012&zp=8200.0&yp=318936.0&xp=328052.0&tool=tracingtool&sid0=6&s0=-2
,,,,,5145316.0,242160.0,427468.0,22480.0,4536020.0,215638.0,http://catmaid.hms.harvard.edu/?pid=1012&zp=22480.0&yp=427468.0&xp=242160.0&tool=tracingtool&sid0=6&s0=-2
